timestamp,status,raw_angle,kalman_angle,shoulder_y_velocity
2026-06-05 15:47:49,LYING,0.49,18.39,0.0000
2026-06-05 15:47:49,LYING,2.39,11.27,-0.0029
2026-06-05 15:47:49,LYING,59.79,26.22,-0.0465
2026-06-05 15:47:50,WARNING,0.00,20.04,0.0502
2026-06-05 15:47:50,WARNING,0.00,16.21,0.0000
2026-06-05 15:47:50,WARNING,0.00,13.61,0.0000
2026-06-05 15:47:50,WARNING,4.83,12.39,0.0000
2026-06-05 15:47:50,WARNING,28.62,14.37,-0.0402
2026-06-05 15:47:51,WARNING,40.68,17.24,-0.0652
2026-06-05 15:47:51,WARNING,36.22,19.12,0.0201
2026-06-05 15:47:51,WARNING,47.95,21.72,-0.0215
2026-06-05 15:47:51,WARNING,51.13,24.16,-0.0076
2026-06-05 15:47:51,WARNING,58.95,26.84,0.0019
2026-06-05 15:47:51,WARNING,59.57,29.19,-0.0241
2026-06-05 15:47:51,WARNING,57.76,31.12,-0.0121
2026-06-05 15:47:51,WARNING,73.97,33.84,-0.0501
2026-06-05 15:47:51,WARNING,69.80,36.00,-0.0659
2026-06-05 15:47:51,WARNING,54.97,37.08,-0.0698
2026-06-05 15:47:51,WARNING,67.76,38.75,-0.0128
2026-06-05 15:47:52,WARNING,68.44,40.28,-0.0505
2026-06-05 15:47:52,LYING,69.66,41.74,-0.0084
2026-06-05 15:47:52,WARNING,70.56,43.12,0.0178
2026-06-05 15:47:52,WARNING,77.04,44.67,-0.0149
2026-06-05 15:47:52,WARNING,78.59,46.17,0.1091
2026-06-05 15:47:53,WARNING,86.40,47.89,-0.1218
2026-06-05 15:47:53,WARNING,87.40,49.53,-0.1314
2026-06-05 15:47:54,WARNING,85.78,50.98,-0.0664
2026-06-05 15:47:54,LYING,85.71,52.33,-0.0189
2026-06-05 15:47:54,WARNING,89.47,53.73,0.2225
2026-06-05 15:47:55,WARNING,79.29,54.67,-0.0666
2026-06-05 15:47:55,WARNING,87.65,55.86,-0.1476
2026-06-05 15:47:56,WARNING,84.59,56.86,-0.0439
2026-06-05 15:47:56,WARNING,85.18,57.83,-0.0502
2026-06-05 15:47:56,WARNING,84.80,58.73,-0.0004
2026-06-05 15:47:56,LYING,82.27,59.50,0.0316
2026-06-05 15:47:57,WARNING,83.89,60.28,0.0357
2026-06-05 15:47:57,WARNING,85.11,61.06,-0.0110
2026-06-05 15:47:57,WARNING,86.59,61.85,-0.0080
2026-06-05 15:47:58,WARNING,89.51,62.69,-0.0622
2026-06-05 15:47:58,WARNING,88.58,63.46,-0.0573
2026-06-05 15:47:58,WARNING,89.24,64.22,-0.1147
2026-06-05 15:47:58,WARNING,86.43,64.86,-0.0211
2026-06-05 15:47:59,WARNING,85.42,65.44,-0.0112
2026-06-05 15:47:59,WARNING,87.45,66.06,0.0026
2026-06-05 15:47:59,WARNING,88.60,66.68,0.0245
2026-06-05 15:48:00,WARNING,87.69,67.25,-0.0241
2026-06-05 15:48:00,WARNING,88.71,67.83,0.0052
2026-06-05 15:48:00,WARNING,89.01,68.40,0.0039
2026-06-05 15:48:00,WARNING,89.65,68.95,0.0133
2026-06-05 15:48:00,WARNING,89.96,69.50,-0.0060
2026-06-05 15:48:01,WARNING,89.56,70.02,-0.0032
2026-06-05 15:48:01,WARNING,87.89,70.47,-0.0170
2026-06-05 15:48:01,WARNING,89.87,70.96,0.0426
2026-06-05 15:48:01,WARNING,83.63,71.28,-0.0059
2026-06-05 15:48:02,WARNING,86.03,71.64,-0.0384
2026-06-05 15:48:02,WARNING,89.01,72.07,0.0287
2026-06-05 15:48:02,WARNING,88.96,72.48,0.0544
2026-06-05 15:48:02,WARNING,88.34,72.86,0.0046
2026-06-05 15:48:02,NORMAL,89.13,73.25,0.0439
2026-06-05 15:48:03,NORMAL,88.19,73.60,0.0024
2026-06-05 15:48:03,NORMAL,87.94,73.94,0.0509
2026-06-05 15:48:03,NORMAL,87.61,74.26,-0.0138
2026-06-05 15:48:03,NORMAL,86.49,74.55,0.0063
2026-06-05 15:48:04,NORMAL,87.80,74.85,0.0023
2026-06-05 15:48:04,NORMAL,88.87,75.17,-0.0032
2026-06-05 15:48:04,NORMAL,89.19,75.49,0.0096
2026-06-05 15:48:04,NORMAL,89.93,75.82,-0.0032
2026-06-05 15:48:05,NORMAL,89.81,76.14,0.0009
2026-06-05 15:48:05,NORMAL,88.52,76.42,-0.0002
2026-06-05 15:48:05,NORMAL,87.02,76.65,0.0060
2026-06-05 15:48:05,NORMAL,79.07,76.71,0.1289
2026-06-05 15:48:06,NORMAL,77.49,76.73,0.1429
2026-06-05 15:48:06,NORMAL,86.63,76.94,0.2381
2026-06-05 15:48:06,NORMAL,25.00,75.80,0.1531
2026-06-05 15:48:06,NORMAL,10.05,74.36,0.0837
2026-06-05 15:48:06,NORMAL,10.62,72.98,0.0039
2026-06-05 15:48:07,NORMAL,2.61,71.45,-0.0213
2026-06-05 15:48:07,NORMAL,0.49,69.91,-0.0051
2026-06-05 15:48:07,NORMAL,1.01,68.43,0.0029
2026-06-05 15:48:07,NORMAL,0.42,66.97,-0.0015
2026-06-05 15:48:08,NORMAL,0.17,65.54,0.0077
2026-06-05 15:48:08,NORMAL,1.15,64.16,-0.0126
2026-06-05 15:48:08,NORMAL,20.39,63.23,-0.0364
2026-06-05 15:48:08,NORMAL,38.15,62.70,-0.0584
2026-06-05 15:48:08,NORMAL,53.47,62.50,-0.0446
2026-06-05 15:48:09,NORMAL,42.70,62.08,-0.0254
2026-06-05 15:48:09,NORMAL,26.71,61.34,-0.0390
2026-06-05 15:48:09,NORMAL,25.15,60.58,-0.0128
2026-06-05 15:48:09,NORMAL,41.65,60.18,-0.0039
2026-06-05 15:48:10,NORMAL,71.25,60.41,-0.0838
2026-06-05 15:48:10,NORMAL,81.80,60.86,-0.1722
2026-06-05 15:48:10,NORMAL,83.66,61.33,-0.1530
2026-06-05 15:48:10,NORMAL,86.09,61.85,-0.0771
2026-06-05 15:48:10,NORMAL,88.56,62.40,-0.0191
2026-06-05 15:48:11,NORMAL,88.17,62.94,-0.0057
2026-06-05 15:48:11,NORMAL,87.56,63.45,0.0018
2026-06-05 15:48:11,NORMAL,85.47,63.90,0.0119
2026-06-05 15:48:11,NORMAL,83.43,64.30,0.1225
2026-06-05 15:48:12,NORMAL,76.35,64.55,0.2678
2026-06-05 15:48:12,NORMAL,88.26,65.04,0.1353
2026-06-05 15:48:12,NORMAL,75.84,65.26,0.0351
2026-06-05 15:48:12,NORMAL,37.26,64.69,0.0396
2026-06-05 15:48:12,SITTING,31.86,64.01,-0.0065
2026-06-05 15:48:13,SITTING,26.63,63.25,-0.0042
2026-06-05 15:48:13,SITTING,36.56,62.71,-0.0090
2026-06-05 15:48:13,SITTING,36.01,62.16,-0.0064
2026-06-05 15:48:13,SITTING,38.29,61.68,0.0074
2026-06-05 15:48:14,SITTING,34.58,61.12,0.0022
2026-06-05 15:48:14,SITTING,32.28,60.54,0.0015
2026-06-05 15:48:14,SITTING,30.54,59.93,-0.0030
2026-06-05 15:48:14,SITTING,31.33,59.35,0.0036
2026-06-05 15:48:14,SITTING,31.32,58.78,0.0027
2026-06-05 15:48:15,SITTING,36.01,58.32,-0.0044
2026-06-05 15:48:15,SITTING,36.26,57.88,-0.0014
2026-06-05 15:48:15,SITTING,30.27,57.32,-0.0033
2026-06-05 15:48:15,SITTING,30.58,56.78,-0.0003
2026-06-05 15:48:15,SITTING,33.23,56.30,0.0042
2026-06-05 15:48:16,SITTING,31.13,55.80,-0.0016
2026-06-05 15:48:16,SITTING,29.19,55.26,0.0021
2026-06-05 15:48:16,SITTING,34.60,54.84,-0.0006
2026-06-05 15:48:16,SITTING,34.92,54.44,0.0012
2026-06-05 15:48:16,WARNING,31.35,53.98,-0.0010
2026-06-05 15:48:17,WARNING,28.49,53.47,-0.0016
2026-06-05 15:48:17,WARNING,30.77,53.01,0.0005
2026-06-05 15:48:17,WARNING,33.23,52.61,0.0004
2026-06-05 15:48:17,WARNING,31.60,52.19,-0.0011
2026-06-05 15:48:18,WARNING,36.61,51.88,0.0037
2026-06-05 15:48:18,WARNING,28.70,51.42,-0.0024
2026-06-05 15:48:18,WARNING,32.33,51.03,0.0052
2026-06-05 15:48:18,WARNING,26.92,50.55,-0.0029
2026-06-05 15:48:19,WARNING,29.29,50.12,0.0021
2026-06-05 15:48:19,WARNING,28.49,49.69,0.0009
2026-06-05 15:48:19,WARNING,28.88,49.28,0.0016
2026-06-05 15:48:19,WARNING,26.56,48.82,-0.0014
2026-06-05 15:48:19,WARNING,21.41,48.27,-0.0012
2026-06-05 15:48:20,WARNING,21.51,47.74,0.0021
2026-06-05 15:48:20,WARNING,18.97,47.16,0.0020
2026-06-05 15:48:20,WARNING,17.33,46.57,-0.0011
2026-06-05 15:48:20,WARNING,20.13,46.04,0.0007
2026-06-05 15:48:20,WARNING,22.36,45.57,-0.0024
2026-06-05 15:48:21,WARNING,21.34,45.09,0.0022
2026-06-05 15:48:21,FALL DETECTED,22.84,44.64,-0.0000
2026-06-05 15:48:21,FALL DETECTED,26.56,44.28,-0.0011
2026-06-05 15:48:21,FALL DETECTED,37.57,44.15,0.0052
2026-06-05 15:48:21,FALL DETECTED,43.97,44.14,0.0017
2026-06-05 15:48:22,FALL DETECTED,29.48,43.85,-0.0134
2026-06-05 15:48:22,FALL DETECTED,29.38,43.56,0.0069
2026-06-05 15:48:22,FALL DETECTED,30.11,43.30,0.0016
2026-06-05 15:48:22,FALL DETECTED,27.78,42.99,-0.0013
2026-06-05 15:48:22,FALL DETECTED,28.35,42.70,0.0031
2026-06-05 15:48:23,FALL DETECTED,25.44,42.35,-0.0035
2026-06-05 15:48:23,FALL DETECTED,30.22,42.11,0.0038
2026-06-05 15:48:23,FALL DETECTED,29.24,41.86,-0.0028
2026-06-05 15:48:23,FALL DETECTED,30.00,41.62,-0.0003
2026-06-05 15:48:24,FALL DETECTED,40.89,41.61,0.0200
2026-06-05 15:48:24,FALL DETECTED,40.78,41.59,0.0084
2026-06-05 15:48:24,FALL DETECTED,65.95,42.07,0.0144
2026-06-05 15:48:24,FALL DETECTED,78.44,42.80,-0.0306
2026-06-05 15:48:24,FALL DETECTED,70.57,43.35,-0.0147
2026-06-05 15:48:25,FALL DETECTED,79.69,44.07,-0.0311
2026-06-05 15:48:25,FALL DETECTED,86.13,44.91,-0.0253
2026-06-05 15:48:25,FALL DETECTED,81.68,45.64,-0.0036
2026-06-05 15:48:25,FALL DETECTED,86.00,46.44,-0.0269
2026-06-05 15:48:25,FALL DETECTED,87.32,47.25,-0.0938
2026-06-05 15:48:26,FALL DETECTED,87.55,48.05,-0.1818
2026-06-05 15:48:26,FALL DETECTED,89.40,48.87,-0.1995
2026-06-05 15:48:26,FALL DETECTED,88.99,49.67,-0.0690
2026-06-05 15:48:26,FALL DETECTED,89.13,50.45,-0.0097
2026-06-05 15:48:26,FALL DETECTED,88.22,51.20,-0.0259
2026-06-05 15:48:27,FALL DETECTED,87.26,51.92,-0.0123
2026-06-05 15:48:27,FALL DETECTED,87.45,52.62,0.0109
2026-06-05 15:48:27,FALL DETECTED,89.04,53.34,-0.0007
2026-06-05 15:48:27,FALL DETECTED,89.37,54.06,-0.0013
2026-06-05 15:48:27,FALL DETECTED,87.88,54.73,0.0150
2026-06-05 15:48:28,FALL DETECTED,87.83,55.39,0.0170
2026-06-05 15:48:28,FALL DETECTED,87.94,56.03,0.0115
2026-06-05 15:48:28,FALL DETECTED,88.72,56.68,0.0090
2026-06-05 15:48:28,FALL DETECTED,88.78,57.32,-0.0134
2026-06-05 15:48:28,FALL DETECTED,89.04,57.95,-0.0034
2026-06-05 15:48:29,FALL DETECTED,89.27,58.57,-0.0047
2026-06-05 15:48:29,FALL DETECTED,89.28,59.18,0.0115
2026-06-05 15:48:29,FALL DETECTED,89.07,59.77,0.0048
2026-06-05 15:48:29,FALL DETECTED,89.72,60.36,-0.0029
2026-06-05 15:48:29,FALL DETECTED,89.26,60.94,0.0045
2026-06-05 15:48:30,FALL DETECTED,88.73,61.49,0.0012
2026-06-05 15:48:30,FALL DETECTED,89.53,62.04,0.0058
2026-06-05 15:48:30,FALL DETECTED,89.79,62.59,0.0017
2026-06-05 15:48:30,FALL DETECTED,89.25,63.12,-0.0030
2026-06-05 15:48:31,FALL DETECTED,89.10,63.64,0.0021
2026-06-05 15:48:31,FALL DETECTED,89.02,64.14,0.0031
2026-06-05 15:48:31,FALL DETECTED,89.59,64.64,-0.0008
2026-06-05 15:48:31,FALL DETECTED,89.45,65.13,-0.0019
2026-06-05 15:48:32,FALL DETECTED,89.46,65.62,0.0003
2026-06-05 15:48:32,FALL DETECTED,89.21,66.08,-0.0030
2026-06-05 15:48:32,FALL DETECTED,89.05,66.54,-0.0024
2026-06-05 15:48:32,FALL DETECTED,89.19,66.99,0.0008
2026-06-05 15:48:33,FALL DETECTED,89.13,67.43,-0.0002
2026-06-05 15:48:33,FALL DETECTED,89.31,67.86,0.0009
2026-06-05 15:48:33,FALL DETECTED,89.35,68.29,-0.0008
2026-06-05 15:48:33,FALL DETECTED,89.42,68.71,0.0006
2026-06-05 15:48:34,FALL DETECTED,89.73,69.12,-0.0006
2026-06-05 15:48:34,FALL DETECTED,89.57,69.53,0.0016
2026-06-05 15:48:34,FALL DETECTED,89.98,69.93,0.0009
2026-06-05 15:48:34,FALL DETECTED,89.80,70.33,-0.0006
2026-06-05 15:48:35,FALL DETECTED,89.60,70.71,-0.0016
2026-06-05 15:48:35,FALL DETECTED,89.85,71.09,-0.0009
2026-06-05 15:48:35,NORMAL,89.87,71.46,0.0033
2026-06-05 15:48:35,NORMAL,89.96,71.83,0.0009
2026-06-05 15:48:36,NORMAL,89.81,72.18,0.0008
2026-06-05 15:48:36,NORMAL,89.87,72.53,-0.0008
2026-06-05 15:48:36,NORMAL,89.87,72.88,-0.0003
2026-06-05 15:48:36,NORMAL,89.92,73.21,-0.0011
2026-06-05 15:48:36,NORMAL,89.24,73.53,-0.0024
2026-06-05 15:48:37,NORMAL,89.27,73.84,-0.0032
2026-06-05 15:48:37,NORMAL,87.08,74.11,-0.0010
2026-06-05 15:48:37,NORMAL,84.70,74.31,0.0077
2026-06-05 15:48:37,NORMAL,78.92,74.41,0.1075
2026-06-05 15:48:38,NORMAL,74.51,74.41,0.1663
2026-06-05 15:48:38,NORMAL,73.30,74.39,0.1325
2026-06-05 15:48:38,NORMAL,85.68,74.61,0.0734
2026-06-05 15:48:38,NORMAL,87.95,74.87,0.0051
2026-06-05 15:48:38,NORMAL,87.00,75.11,-0.0403
2026-06-05 15:48:39,NORMAL,87.06,75.35,-0.0147
2026-06-05 15:48:39,NORMAL,85.96,75.56,0.0062
2026-06-05 15:48:39,NORMAL,89.50,75.84,0.0076
2026-06-05 15:48:39,NORMAL,88.85,76.09,0.0003
2026-06-05 15:48:40,NORMAL,88.75,76.35,0.0110
2026-06-05 15:48:40,NORMAL,89.36,76.60,0.0106
2026-06-05 15:48:40,NORMAL,89.70,76.86,0.0115
2026-06-05 15:48:40,NORMAL,87.84,77.08,0.0194
2026-06-05 15:48:40,NORMAL,88.97,77.32,0.0273
2026-06-05 15:48:41,NORMAL,82.37,77.42,0.0227
2026-06-05 15:48:41,NORMAL,76.21,77.39,0.0018
2026-06-05 15:48:41,NORMAL,64.52,77.14,0.0105
2026-06-05 15:48:41,NORMAL,53.20,76.66,0.0024
2026-06-05 15:48:41,NORMAL,48.18,76.10,-0.0026
2026-06-05 15:48:42,NORMAL,34.53,75.28,0.0248
2026-06-05 15:48:43,NORMAL,36.03,74.50,-0.0092
2026-06-05 15:48:43,NORMAL,36.48,73.75,0.0004
2026-06-05 15:48:43,NORMAL,36.00,73.00,-0.0014
2026-06-05 15:48:43,NORMAL,35.42,72.25,0.0014
2026-06-05 15:48:43,NORMAL,34.68,71.51,0.0026
2026-06-05 15:48:44,NORMAL,33.86,70.76,0.0058
2026-06-05 15:48:44,NORMAL,30.58,69.97,-0.0025
2026-06-05 15:48:44,NORMAL,31.41,69.20,0.0059
2026-06-05 15:48:44,NORMAL,34.52,68.52,-0.0120
2026-06-05 15:48:45,NORMAL,35.87,67.87,-0.0054
2026-06-05 15:48:45,NORMAL,82.92,68.17,0.0126
2026-06-05 15:48:45,NORMAL,82.12,68.45,0.0064
2026-06-05 15:48:45,NORMAL,81.56,68.71,0.0093
2026-06-05 15:48:46,NORMAL,23.23,67.81,0.0570
2026-06-05 15:48:46,NORMAL,25.66,66.97,-0.0709
2026-06-05 15:48:46,NORMAL,49.89,66.63,-0.0147
2026-06-05 15:48:47,NORMAL,29.85,65.90,0.0126
2026-06-05 15:48:47,NORMAL,84.18,66.27,0.0335
2026-06-05 15:48:48,NORMAL,73.95,66.42,-0.0116
2026-06-05 15:48:48,NORMAL,66.44,66.42,-0.0124
2026-06-05 15:48:49,NORMAL,38.82,65.87,0.1092
2026-06-05 15:48:49,NORMAL,67.42,65.90,-0.1158
2026-06-05 15:48:49,NORMAL,17.78,64.95,-0.0022
2026-06-05 15:48:50,NORMAL,24.41,64.15,0.0072
2026-06-05 15:48:50,NORMAL,33.77,63.55,-0.0101
2026-06-05 15:48:50,NORMAL,31.73,62.92,-0.0035
2026-06-05 15:48:50,NORMAL,32.21,62.31,0.0001
2026-06-05 15:48:50,NORMAL,29.59,61.66,0.0023
2026-06-05 15:48:51,NORMAL,34.09,61.11,0.0006
2026-06-05 15:48:51,NORMAL,33.07,60.56,0.0023
2026-06-05 15:48:51,NORMAL,35.61,60.06,-0.0043
2026-06-05 15:48:51,NORMAL,34.06,59.55,0.0037
2026-06-05 15:48:51,NORMAL,31.73,59.00,0.0018
2026-06-05 15:48:51,NORMAL,31.53,58.45,-0.0027
2026-06-05 15:48:52,SITTING,26.01,57.81,0.0057
2026-06-05 15:48:52,SITTING,26.92,57.20,-0.0015
2026-06-05 15:48:52,SITTING,28.65,56.64,-0.0037
2026-06-05 15:48:52,SITTING,24.10,55.99,-0.0104
2026-06-05 15:48:53,SITTING,29.54,55.47,0.0007
2026-06-05 15:48:53,SITTING,45.81,55.28,-0.0107
2026-06-05 15:48:53,SITTING,51.89,55.21,-0.0137
2026-06-05 15:48:53,SITTING,52.21,55.15,0.0054
2026-06-05 15:48:53,SITTING,58.10,55.21,-0.0133
2026-06-05 15:48:54,SITTING,53.61,55.18,0.0024
2026-06-05 15:48:54,SITTING,58.41,55.24,-0.0281
2026-06-05 15:48:54,SITTING,64.25,55.42,-0.0208
2026-06-05 15:48:54,SITTING,70.79,55.72,-0.0023
2026-06-05 15:48:54,SITTING,70.96,56.02,-0.0071
2026-06-05 15:48:55,SITTING,65.81,56.22,0.0062
2026-06-05 15:48:55,WARNING,64.66,56.39,0.0209
2026-06-05 15:48:55,WARNING,72.50,56.70,0.0340
2026-06-05 15:48:55,NORMAL,68.75,56.94,-0.0184
2026-06-05 15:48:56,SITTING,67.68,57.16,-0.0083
2026-06-05 15:48:56,SITTING,74.75,57.50,0.0012
2026-06-05 15:48:56,SITTING,73.37,57.82,0.0149
2026-06-05 15:48:56,NORMAL,61.97,57.90,0.0477
2026-06-05 15:48:57,NORMAL,48.87,57.72,0.0773
2026-06-05 15:48:57,NORMAL,10.19,56.78,0.1012
2026-06-05 15:48:57,SITTING,6.47,55.78,-0.0086
2026-06-05 15:48:57,SITTING,4.42,54.77,-0.0003
2026-06-05 15:48:57,SITTING,4.27,53.77,0.0006
2026-06-05 15:48:58,SITTING,1.25,52.73,0.0006
2026-06-05 15:48:58,SITTING,1.81,51.72,-0.0005
2026-06-05 15:48:58,SITTING,1.20,50.72,-0.0019
2026-06-05 15:48:59,SITTING,5.12,49.82,-0.0006
2026-06-05 15:48:59,SITTING,7.76,48.98,0.0025
2026-06-05 15:48:59,SITTING,9.88,48.21,-0.0043
2026-06-05 15:48:59,SITTING,5.03,47.35,0.0043
2026-06-05 15:48:59,SITTING,5.24,46.52,0.0003
2026-06-05 15:49:00,SITTING,3.13,45.66,-0.0056
2026-06-05 15:49:00,SITTING,4.11,44.84,-0.0020
2026-06-05 15:49:00,SITTING,4.53,44.04,-0.0002
2026-06-05 15:49:00,SITTING,3.50,43.24,0.0031
2026-06-05 15:49:00,SITTING,3.68,42.45,0.0003
2026-06-05 15:49:01,SITTING,9.71,41.81,-0.0011
2026-06-05 15:49:01,SITTING,8.44,41.14,0.0054
2026-06-05 15:49:01,SITTING,8.96,40.51,-0.0005
2026-06-05 15:49:01,SITTING,1.79,39.74,0.0031
2026-06-05 15:49:01,SITTING,1.48,38.98,-0.0038
2026-06-05 15:49:02,SITTING,2.13,38.25,0.0010
2026-06-05 15:49:02,SITTING,0.30,37.50,-0.0030
2026-06-05 15:49:02,SITTING,2.01,36.80,0.0008
2026-06-05 15:49:02,SITTING,6.69,36.20,-0.0059
2026-06-05 15:49:02,SITTING,6.74,35.62,0.0024
2026-06-05 15:49:03,SITTING,6.77,35.05,-0.0013
2026-06-05 15:49:03,SITTING,4.39,34.44,0.0084
2026-06-05 15:49:03,SITTING,4.84,33.86,-0.0026
2026-06-05 15:49:03,SITTING,5.33,33.29,-0.0025
2026-06-05 15:49:03,SITTING,5.58,32.74,0.0029
2026-06-05 15:49:04,SITTING,3.16,32.16,0.0034
2026-06-05 15:49:04,SITTING,2.80,31.57,0.0013
2026-06-05 15:49:04,SITTING,2.31,31.00,0.0006
2026-06-05 15:49:04,SITTING,2.32,30.43,0.0020
2026-06-05 15:49:05,SITTING,6.62,29.96,-0.0054
2026-06-05 15:49:05,SITTING,11.78,29.60,-0.0119
2026-06-05 15:49:05,SITTING,11.68,29.24,-0.0052
2026-06-05 15:49:05,SITTING,14.96,28.96,-0.0231
2026-06-05 15:49:05,SITTING,12.29,28.63,-0.0062
2026-06-05 15:49:06,SITTING,6.44,28.19,0.0102
2026-06-05 15:49:06,WARNING,10.26,27.83,0.0310
2026-06-05 15:49:06,WARNING,9.69,27.47,0.0053
2026-06-05 15:49:06,WARNING,11.59,27.16,-0.0019
2026-06-05 15:49:06,WARNING,18.48,26.99,-0.0822
2026-06-05 15:49:07,WARNING,19.57,26.84,0.0014
2026-06-05 15:49:07,WARNING,41.31,27.13,0.0007
2026-06-05 15:49:07,WARNING,72.42,28.02,-0.2162
2026-06-05 15:49:07,WARNING,82.22,29.10,-0.2958
2026-06-05 15:49:08,WARNING,83.40,30.17,-0.1283
2026-06-05 15:49:08,WARNING,82.81,31.22,-0.1219
2026-06-05 15:49:08,FALL DETECTED,87.69,32.33,-0.0358
2026-06-05 15:49:08,FALL DETECTED,86.89,33.41,0.0177
2026-06-05 15:49:08,FALL DETECTED,84.61,34.43,-0.0513
2026-06-05 15:49:09,FALL DETECTED,87.31,35.47,-0.0476
2026-06-05 15:49:09,FALL DETECTED,87.74,36.51,-0.0129
2026-06-05 15:52:39,NORMAL,0.00,18.00,0.0000
2026-06-05 15:52:39,LYING,0.00,10.00,0.0000
2026-06-05 15:52:39,LYING,0.00,6.92,0.0000
2026-06-05 15:52:39,LYING,0.00,5.29,0.0000
2026-06-05 15:52:39,LYING,0.00,4.28,0.0000
2026-06-05 15:52:39,LYING,0.00,3.59,0.0000
2026-06-05 15:52:39,LYING,5.81,3.90,-0.0140
2026-06-05 15:52:40,LYING,25.26,6.51,-0.0275
2026-06-05 15:52:40,LYING,24.71,8.49,0.0103
2026-06-05 15:52:40,LYING,27.36,10.36,-0.0168
2026-06-05 15:52:40,LYING,62.20,15.03,-0.0487
2026-06-05 15:52:40,LYING,62.69,18.99,-0.0252
2026-06-05 15:52:40,LYING,83.09,23.93,0.0127
2026-06-05 15:52:40,LYING,74.23,27.54,0.0014
2026-06-05 15:52:40,LYING,71.84,30.53,-0.0041
2026-06-05 15:52:40,LYING,83.47,33.89,-0.0077
2026-06-05 15:52:40,LYING,59.04,35.40,0.0150
2026-06-05 15:52:40,LYING,61.37,36.88,-0.0522
2026-06-05 15:52:40,LYING,66.63,38.50,-0.0316
2026-06-05 15:52:40,LYING,80.67,40.68,-0.0355
2026-06-05 15:52:41,LYING,83.23,42.80,0.0203
2026-06-05 15:52:41,LYING,84.82,44.80,-0.0043
2026-06-05 15:52:41,LYING,87.79,46.77,-0.0009
2026-06-05 15:52:41,LYING,80.84,48.28,-0.0596
2026-06-05 15:52:41,LYING,76.06,49.47,-0.0444
2026-06-05 15:52:41,LYING,74.41,50.50,-0.0374
2026-06-05 15:52:42,LYING,70.86,51.31,0.0573
2026-06-05 15:52:42,LYING,85.17,52.63,0.0812
2026-06-05 15:52:43,LYING,85.85,53.89,0.0106
2026-06-05 15:52:43,LYING,87.11,55.11,-0.0128
2026-06-05 15:52:44,LYING,83.97,56.14,-0.1732
2026-06-05 15:52:44,LYING,85.28,57.16,-0.0617
2026-06-05 15:52:45,LYING,86.77,58.17,-0.0406
2026-06-05 15:52:45,LYING,89.56,59.22,-0.0284
2026-06-05 15:52:45,LYING,87.65,60.15,-0.2499
2026-06-05 15:52:46,LYING,85.83,60.98,-0.0399
2026-06-05 15:52:46,LYING,85.71,61.75,0.0594
2026-06-05 15:52:46,LYING,87.39,62.55,-0.0325
2026-06-05 15:52:46,LYING,86.09,63.26,-0.0478
2026-06-05 15:52:47,LYING,87.27,63.98,-0.0921
2026-06-05 15:52:47,LYING,86.95,64.65,-0.0378
2026-06-05 15:52:47,LYING,87.34,65.30,0.0330
2026-06-05 15:52:47,LYING,87.05,65.92,0.0318
2026-06-05 15:52:48,LYING,86.38,66.49,-0.0522
2026-06-05 15:52:48,LYING,86.80,67.06,0.0084
2026-06-05 15:52:48,LYING,87.32,67.61,0.0044
2026-06-05 15:52:49,LYING,85.72,68.10,0.0079
2026-06-05 15:52:49,LYING,87.74,68.62,0.0164
2026-06-05 15:52:49,LYING,89.96,69.18,0.1346
2026-06-05 15:52:49,LYING,89.36,69.70,0.0591
2026-06-05 15:52:50,LYING,87.70,70.17,0.0940
2026-06-05 15:52:50,LYING,89.88,70.67,0.0240
2026-06-05 15:52:50,SITTING,89.13,71.13,0.0049
2026-06-05 15:52:50,SITTING,89.52,71.59,-0.0217
2026-06-05 15:52:51,SITTING,89.59,72.04,-0.0084
2026-06-05 15:52:51,SITTING,89.99,72.48,0.0045
2026-06-05 15:52:51,SITTING,89.61,72.89,0.0020
2026-06-05 15:52:51,NORMAL,89.62,73.30,-0.0007
2026-06-05 15:52:52,NORMAL,89.56,73.69,-0.0018
2026-06-05 15:52:52,NORMAL,89.67,74.07,0.0005
2026-06-05 15:52:52,NORMAL,89.24,74.42,-0.0049
2026-06-05 15:52:53,NORMAL,89.35,74.77,0.0011
2026-06-05 15:52:53,NORMAL,89.86,75.12,0.0027
2026-06-05 15:52:53,NORMAL,89.82,75.46,0.0005
2026-06-05 15:52:53,NORMAL,89.68,75.79,-0.0006
2026-06-05 15:52:54,NORMAL,89.70,76.11,0.0026
2026-06-05 15:52:54,NORMAL,89.60,76.41,-0.0115
2026-06-05 15:52:54,NORMAL,88.03,76.68,-0.0999
2026-06-05 15:52:54,NORMAL,88.39,76.94,-0.0621
2026-06-05 15:52:55,NORMAL,89.94,77.23,0.0057
2026-06-05 15:52:55,NORMAL,89.76,77.51,0.0153
2026-06-05 15:52:55,NORMAL,88.38,77.75,-0.0039
2026-06-05 15:52:55,NORMAL,89.21,78.00,0.0258
2026-06-05 15:52:56,NORMAL,89.59,78.26,0.0049
2026-06-05 15:52:56,NORMAL,89.11,78.50,0.0066
2026-06-05 15:52:56,NORMAL,88.86,78.72,-0.0033
2026-06-05 15:52:56,NORMAL,88.18,78.93,-0.0004
2026-06-05 15:52:56,NORMAL,87.59,79.11,0.0029
2026-06-05 15:52:57,NORMAL,88.83,79.32,0.0022
2026-06-05 15:52:57,NORMAL,89.15,79.53,-0.0011
2026-06-05 15:52:57,NORMAL,89.24,79.74,-0.0009
2026-06-05 15:52:58,NORMAL,89.20,79.94,-0.0007
2026-06-05 15:52:58,NORMAL,89.20,80.14,0.0003
2026-06-05 15:52:58,NORMAL,88.79,80.32,0.0023
2026-06-05 15:52:58,NORMAL,89.22,80.51,-0.0003
2026-06-05 15:52:59,NORMAL,87.34,80.66,-0.0016
2026-06-05 15:52:59,NORMAL,85.61,80.76,0.0031
2026-06-05 15:52:59,NORMAL,85.70,80.86,0.0037
2026-06-05 15:52:59,NORMAL,85.27,80.96,-0.0034
2026-06-05 15:52:59,NORMAL,85.30,81.05,0.0156
2026-06-05 15:53:00,NORMAL,88.97,81.21,0.0119
2026-06-05 15:53:00,NORMAL,89.61,81.39,-0.0110
2026-06-05 15:53:00,NORMAL,88.75,81.54,0.0188
2026-06-05 15:53:00,NORMAL,84.54,81.60,0.1097
2026-06-05 15:53:01,NORMAL,71.95,81.40,0.2551
2026-06-05 15:53:01,NORMAL,73.02,81.23,0.1444
2026-06-05 15:53:01,NORMAL,47.26,80.53,0.1805
2026-06-05 15:53:01,NORMAL,57.65,80.06,0.0024
2026-06-05 15:53:02,NORMAL,32.10,79.07,-0.0050
2026-06-05 15:53:02,NORMAL,48.20,78.44,-0.0657
2026-06-05 15:53:02,NORMAL,31.87,77.48,-0.0260
2026-06-05 15:53:02,NORMAL,38.32,76.68,-0.0202
2026-06-05 15:53:03,NORMAL,43.99,76.01,-0.0187
2026-06-05 15:53:03,NORMAL,47.83,75.44,-0.0029
2026-06-05 15:53:03,NORMAL,52.50,74.97,-0.0175
2026-06-05 15:53:03,NORMAL,52.53,74.51,-0.0049
2026-06-05 15:53:03,NORMAL,47.44,73.96,-0.0001
2026-06-05 15:53:04,NORMAL,51.78,73.51,-0.0023
2026-06-05 15:53:04,NORMAL,52.98,73.09,-0.0035
2026-06-05 15:53:04,NORMAL,57.26,72.77,0.0042
2026-06-05 15:53:04,NORMAL,57.16,72.45,0.0010
2026-06-05 15:53:05,NORMAL,57.57,72.15,-0.0002
2026-06-05 15:53:05,NORMAL,57.92,71.86,-0.0010
2026-06-05 15:53:05,NORMAL,57.36,71.57,-0.0019
2026-06-05 15:53:05,NORMAL,57.68,71.29,0.0011
2026-06-05 15:53:05,NORMAL,58.58,71.03,-0.0015
2026-06-05 15:53:06,NORMAL,59.03,70.79,0.0000
2026-06-05 15:53:06,NORMAL,58.70,70.55,0.0003
2026-06-05 15:53:06,NORMAL,59.21,70.32,0.0001
2026-06-05 15:53:06,NORMAL,58.69,70.09,0.0015
2026-06-05 15:53:06,NORMAL,58.93,69.86,-0.0007
2026-06-05 15:53:07,NORMAL,59.10,69.64,-0.0013
2026-06-05 15:53:07,NORMAL,58.70,69.42,0.0021
2026-06-05 15:53:07,NORMAL,58.77,69.21,0.0001
2026-06-05 15:53:07,NORMAL,58.67,69.00,-0.0008
2026-06-05 15:53:08,NORMAL,58.86,68.80,0.0004
2026-06-05 15:53:08,NORMAL,58.82,68.60,-0.0012
2026-06-05 15:53:08,NORMAL,58.51,68.39,0.0019
2026-06-05 15:53:08,NORMAL,58.84,68.20,-0.0005
2026-06-05 15:53:08,NORMAL,58.80,68.01,-0.0003
2026-06-05 15:53:09,NORMAL,59.24,67.84,0.0003
2026-06-05 15:53:09,NORMAL,58.91,67.66,-0.0007
2026-06-05 15:53:09,NORMAL,58.49,67.48,0.0006
2026-06-05 15:53:09,NORMAL,58.88,67.30,-0.0011
2026-06-05 15:53:10,NORMAL,62.30,67.20,0.0005
2026-06-05 15:53:10,NORMAL,67.45,67.21,-0.0063
2026-06-05 15:53:10,NORMAL,64.36,67.15,-0.0048
2026-06-05 15:53:10,NORMAL,60.52,67.02,0.0016
2026-06-05 15:53:10,NORMAL,60.62,66.89,-0.0099
2026-06-05 15:53:11,NORMAL,80.25,67.16,-0.0313
2026-06-05 15:53:11,NORMAL,85.87,67.53,-0.0042
2026-06-05 15:53:11,NORMAL,78.61,67.75,0.0101
2026-06-05 15:53:11,NORMAL,73.51,67.87,-0.0043
2026-06-05 15:53:12,NORMAL,71.88,67.95,0.0065
2026-06-05 15:53:12,NORMAL,60.92,67.81,0.0261
2026-06-05 15:53:12,NORMAL,44.83,67.35,0.0637
2026-06-05 15:53:12,NORMAL,33.01,66.67,-0.0360
2026-06-05 15:53:12,NORMAL,48.04,66.30,-0.1786
2026-06-05 15:53:13,NORMAL,65.04,66.27,-0.2306
2026-06-05 15:53:13,NORMAL,75.91,66.46,-0.0996
2026-06-05 15:53:13,NORMAL,83.76,66.81,-0.0448
2026-06-05 15:53:13,NORMAL,80.62,67.08,0.0070
2026-06-05 15:53:14,NORMAL,71.37,67.17,0.0782
2026-06-05 15:53:14,NORMAL,69.65,67.22,0.2309
2026-06-05 15:53:14,NORMAL,58.19,67.04,0.1470
2026-06-05 15:53:14,NORMAL,54.24,66.78,0.0146
2026-06-05 15:53:15,NORMAL,57.75,66.60,0.0249
2026-06-05 15:53:15,NORMAL,62.63,66.52,0.0012
2026-06-05 15:53:15,NORMAL,61.40,66.42,0.0087
2026-06-05 15:53:15,NORMAL,70.20,66.50,0.0032
2026-06-05 15:53:15,NORMAL,69.35,66.55,0.0059
2026-06-05 15:53:16,NORMAL,63.13,66.48,0.0055
2026-06-05 15:53:16,NORMAL,54.86,66.25,-0.0102
2026-06-05 15:53:16,NORMAL,57.61,66.08,-0.0088
2026-06-05 15:53:16,NORMAL,55.75,65.88,0.0062
2026-06-05 15:53:16,NORMAL,55.74,65.68,0.0065
2026-06-05 15:53:17,NORMAL,49.43,65.35,0.0032
2026-06-05 15:53:17,NORMAL,49.17,65.03,0.0001
2026-06-05 15:53:17,NORMAL,54.06,64.81,0.0070
2026-06-05 15:53:17,NORMAL,38.35,64.29,0.0064
2026-06-05 15:53:18,NORMAL,41.08,63.83,-0.0047
2026-06-05 15:53:18,NORMAL,39.55,63.35,0.0021
2026-06-05 15:53:18,NORMAL,40.76,62.90,0.0013
2026-06-05 15:53:18,NORMAL,40.44,62.45,0.0004
2026-06-05 15:53:18,NORMAL,39.55,62.00,0.0043
2026-06-05 15:53:19,NORMAL,38.37,61.53,0.0021
2026-06-05 15:53:19,NORMAL,38.13,61.07,-0.0035
2026-06-05 15:53:19,NORMAL,37.71,60.60,-0.0001
2026-06-05 15:53:19,SITTING,39.01,60.17,-0.0008
2026-06-05 15:53:19,SITTING,38.63,59.75,0.0005
2026-06-05 15:53:20,SITTING,39.88,59.35,0.0027
2026-06-05 15:53:20,SITTING,37.59,58.92,0.0005
2026-06-05 15:53:20,SITTING,38.62,58.52,-0.0023
2026-06-05 15:53:20,SITTING,37.78,58.11,0.0022
2026-06-05 15:53:21,SITTING,38.15,57.71,0.0010
2026-06-05 15:53:21,SITTING,36.81,57.30,0.0006
2026-06-05 15:53:21,SITTING,38.28,56.92,-0.0023
2026-06-05 15:53:21,SITTING,36.39,56.51,-0.0002
2026-06-05 15:53:22,SITTING,28.09,55.95,0.0036
2026-06-05 15:53:22,SITTING,25.16,55.34,0.0004
2026-06-05 15:53:22,SITTING,44.24,55.12,-0.0369
2026-06-05 15:53:22,SITTING,46.61,54.95,-0.0095
2026-06-05 15:53:22,SITTING,58.39,55.02,-0.0169
2026-06-05 15:53:23,SITTING,66.44,55.25,0.0002
2026-06-05 15:53:23,SITTING,72.52,55.59,-0.0002
2026-06-05 15:53:23,SITTING,76.47,56.00,0.0165
2026-06-05 15:53:24,SITTING,74.58,56.37,0.0118
2026-06-05 15:53:24,SITTING,53.74,56.32,0.0280
2026-06-05 15:53:24,SITTING,46.35,56.12,0.0144
2026-06-05 15:53:24,SITTING,39.57,55.79,0.0171
2026-06-05 15:53:24,SITTING,36.38,55.41,0.0071
2026-06-05 15:53:25,SITTING,36.04,55.02,0.0001
2026-06-05 15:53:25,SITTING,35.47,54.64,-0.0002
2026-06-05 15:53:25,SITTING,36.04,54.27,-0.0017
2026-06-05 15:53:25,SITTING,36.63,53.92,-0.0012
2026-06-05 15:53:25,SITTING,35.78,53.56,0.0009
2026-06-05 15:53:26,SITTING,37.11,53.23,-0.0030
2026-06-05 15:53:26,SITTING,40.35,52.98,-0.0090
2026-06-05 15:53:26,SITTING,44.62,52.81,-0.0033
2026-06-05 15:53:26,SITTING,46.49,52.69,-0.0142
2026-06-05 15:53:27,SITTING,48.52,52.61,-0.0072
2026-06-05 15:53:27,SITTING,56.50,52.68,-0.0002
2026-06-05 15:53:27,SITTING,50.84,52.65,0.0092
2026-06-05 15:53:27,SITTING,49.28,52.58,0.0121
2026-06-05 15:53:27,SITTING,37.75,52.29,0.0125
2026-06-05 15:53:28,SITTING,47.73,52.20,0.0236
2026-06-05 15:53:28,SITTING,51.65,52.18,0.0006
2026-06-05 15:53:28,SITTING,39.43,51.93,0.0021
2026-06-05 15:53:28,SITTING,47.49,51.84,-0.0109
2026-06-05 15:53:28,SITTING,42.91,51.67,-0.0036
2026-06-05 15:53:29,SITTING,35.19,51.34,-0.0077
2026-06-05 15:53:29,SITTING,40.93,51.13,-0.0043
2026-06-05 15:53:29,SITTING,41.36,50.94,-0.0143
2026-06-05 15:53:29,SITTING,47.25,50.87,-0.0494
2026-06-05 15:53:30,SITTING,46.09,50.77,-0.0530
2026-06-05 15:53:30,SITTING,57.90,50.91,-0.0343
2026-06-05 15:53:30,SITTING,81.38,51.52,-0.0364
2026-06-05 15:53:30,SITTING,89.51,52.27,-0.0536
2026-06-05 15:53:31,SITTING,82.42,52.87,-0.1024
2026-06-05 15:53:31,SITTING,77.87,53.36,-0.1327
2026-06-05 15:53:31,SITTING,81.81,53.93,-0.1416
2026-06-05 15:53:31,SITTING,89.79,54.64,-0.0224
2026-06-05 15:53:32,SITTING,87.56,55.29,-0.0295
2026-06-05 15:53:32,SITTING,84.39,55.86,-0.0233
2026-06-05 15:53:32,SITTING,85.04,56.44,-0.0424
2026-06-05 15:53:32,SITTING,84.99,57.01,-0.0699
2026-06-05 17:00:00,NORMAL,89.02,89.22,0.0000
2026-06-05 17:00:01,NORMAL,84.61,87.17,0.0000
2026-06-05 17:00:01,NORMAL,43.40,73.69,-0.0045
2026-06-05 17:00:01,NORMAL,62.02,70.94,0.0045
2026-06-05 17:00:01,NORMAL,59.09,68.68,-0.0024
2026-06-05 17:00:01,NORMAL,22.63,61.28,-0.0023
2026-06-05 17:00:02,NORMAL,60.19,61.13,0.0001
2026-06-05 17:00:02,NORMAL,35.28,57.97,-0.0014
2026-06-05 17:00:02,NORMAL,39.82,55.99,0.0014
2026-06-05 17:00:02,NORMAL,58.90,56.28,-0.0002
2026-06-05 17:00:03,NORMAL,57.61,56.40,0.0006
2026-06-05 17:00:03,NORMAL,30.94,54.28,-0.0051
2026-06-05 17:00:03,NORMAL,29.44,52.37,0.0032
2026-06-05 17:00:03,NORMAL,33.00,50.98,-0.0004
2026-06-05 17:00:03,NORMAL,3.01,47.74,-0.0005
2026-06-05 17:00:03,NORMAL,15.12,45.67,0.0022
2026-06-05 17:00:03,NORMAL,39.37,45.29,0.0002
2026-06-05 17:00:03,NORMAL,47.15,45.40,0.0001
2026-06-05 17:00:03,NORMAL,26.77,44.39,-0.0015
2026-06-05 17:00:03,NORMAL,47.13,44.53,0.0009
2026-06-05 17:00:03,NORMAL,27.71,43.69,-0.0034
2026-06-05 17:00:03,NORMAL,41.19,43.58,0.0008
2026-06-05 17:00:03,NORMAL,29.08,42.91,-0.0023
2026-06-05 17:00:04,NORMAL,47.39,43.11,0.0030
2026-06-05 17:00:04,NORMAL,85.48,44.92,0.0068
2026-06-05 17:00:04,NORMAL,53.00,45.25,-0.0051
2026-06-05 17:00:04,NORMAL,20.42,44.26,-0.0043
2026-06-05 17:00:04,NORMAL,20.70,43.34,0.0095
2026-06-05 17:00:04,NORMAL,0.00,41.70,0.0000
2026-06-05 17:00:04,NORMAL,47.79,41.93,0.0000
2026-06-05 17:00:04,NORMAL,52.18,42.30,0.0000
2026-06-05 17:00:04,NORMAL,74.83,43.43,0.0000
2026-06-05 17:00:05,NORMAL,55.82,43.86,0.0000
2026-06-05 17:00:05,SITTING,41.64,43.78,0.0000
2026-06-05 17:00:05,SITTING,38.12,43.60,-0.0019
2026-06-05 17:00:06,SITTING,40.01,43.48,0.0019
2026-06-05 17:00:06,SITTING,42.43,43.45,0.0000
2026-06-05 17:00:06,SITTING,42.80,43.43,0.0000
2026-06-05 17:00:07,SITTING,64.21,44.06,0.0000
2026-06-05 17:00:07,SITTING,43.89,44.05,0.0000
2026-06-05 17:00:07,LYING,65.02,44.67,0.0000
2026-06-05 17:00:07,LYING,12.85,43.75,-0.0022
2026-06-05 17:00:08,LYING,40.85,43.67,0.0022
2026-06-05 17:00:08,LYING,56.12,44.02,0.0000
2026-06-05 17:00:08,LYING,53.00,44.27,0.0000
2026-06-05 17:00:09,LYING,64.27,44.81,0.0000
2026-06-05 17:00:09,LYING,66.01,45.38,0.0000
2026-06-05 17:00:09,LYING,63.21,45.86,0.0000
2026-06-05 17:00:09,LYING,15.29,45.05,-0.0029
2026-06-05 17:00:10,LYING,66.24,45.60,0.0029
2026-06-05 17:00:10,LYING,60.42,45.98,0.0000
2026-06-05 17:00:10,LYING,45.48,45.97,0.0000
2026-06-05 17:00:11,LYING,48.36,46.03,0.0000
2026-06-05 17:00:11,LYING,34.33,45.74,0.0000
2026-06-05 17:00:11,LYING,26.34,45.26,0.0000
2026-06-05 17:00:11,LYING,29.22,44.87,0.0000
2026-06-05 17:00:12,LYING,59.90,45.23,0.0000
2026-06-05 17:00:12,LYING,58.93,45.56,0.0000
2026-06-05 17:00:13,LYING,28.14,45.15,0.0000
2026-06-05 17:00:13,LYING,62.87,45.57,0.0000
2026-06-05 17:00:14,LYING,23.73,45.05,0.0000
2026-06-05 17:00:14,LYING,59.82,45.40,0.0000
2026-06-05 17:00:15,LYING,63.57,45.82,0.0000
2026-06-05 17:00:15,LYING,66.92,46.31,0.0000
2026-06-05 17:00:15,LYING,37.33,46.10,0.0000
2026-06-05 17:00:16,SITTING,14.12,45.37,0.0000
2026-06-05 17:00:16,SITTING,22.63,44.85,0.0000
2026-06-05 17:00:16,SITTING,68.77,45.39,0.0000
2026-06-05 17:00:17,SITTING,60.26,45.73,0.0000
2026-06-05 17:00:17,SITTING,61.41,46.08,0.0000
2026-06-05 17:00:17,SITTING,23.09,45.57,0.0000
2026-06-05 17:00:18,SITTING,20.87,45.02,0.0000
2026-06-05 17:00:18,SITTING,19.48,44.46,0.0000
2026-06-05 17:00:18,SITTING,13.70,43.78,0.0000
2026-06-05 17:00:19,SITTING,70.35,44.36,0.0000
2026-06-05 17:00:19,SITTING,24.59,43.93,0.0000
2026-06-05 17:00:19,SITTING,75.59,44.62,0.0000
2026-06-05 17:00:19,SITTING,22.91,44.15,0.0000
2026-06-05 17:00:20,SITTING,69.89,44.70,0.0000
2026-06-05 17:00:20,SITTING,30.28,44.39,0.0000
2026-06-05 17:00:20,SITTING,24.81,43.98,0.0000
2026-06-05 17:00:21,SITTING,17.16,43.40,0.0000
2026-06-05 17:00:21,LYING,23.18,42.97,0.0000
2026-06-05 17:00:21,LYING,26.41,42.62,0.0000
2026-06-05 17:00:22,LYING,66.15,43.12,0.0000
2026-06-05 17:00:22,LYING,21.34,42.66,0.0000
2026-06-05 17:00:22,LYING,20.82,42.20,0.0000
2026-06-05 17:00:23,LYING,70.15,42.79,0.0000
2026-06-05 17:00:23,LYING,16.61,42.24,0.0000
2026-06-05 17:00:23,LYING,13.66,41.64,0.0000
2026-06-05 17:00:23,LYING,11.96,41.02,0.0000
2026-06-05 17:00:24,LYING,2.23,40.21,0.0000
2026-06-05 17:00:24,LYING,13.12,39.65,0.0000
2026-06-05 17:00:25,LYING,22.10,39.29,0.0000
2026-06-05 17:00:25,LYING,29.09,39.07,0.0000
2026-06-05 17:00:26,LYING,23.89,38.76,0.0000
2026-06-05 17:00:26,LYING,15.92,38.29,0.0000
2026-06-05 17:00:26,LYING,17.70,37.87,0.0000
2026-06-05 17:00:26,LYING,24.93,37.60,0.0000
2026-06-05 17:00:27,LYING,73.73,38.34,0.0000
2026-06-05 17:00:27,LYING,67.45,38.94,0.0000
2026-06-05 17:00:27,LYING,10.67,38.36,0.0000
2026-06-05 17:00:28,LYING,75.57,39.12,0.0000
2026-06-05 17:00:28,LYING,74.71,39.85,0.0000
2026-06-05 17:00:28,LYING,81.86,40.70,0.0000
2026-06-05 17:00:28,LYING,83.87,41.58,0.0000
2026-06-05 17:00:28,LYING,73.49,42.23,0.0000
2026-06-05 17:00:29,LYING,78.24,42.97,0.0000
2026-06-05 17:00:29,LYING,64.49,43.40,0.0000
2026-06-05 17:00:29,LYING,63.40,43.81,0.0000
2026-06-05 17:14:35,NORMAL,69.99,73.99,0.0000
2026-06-05 17:14:35,NORMAL,71.51,72.89,0.0000
2026-06-05 17:14:36,NORMAL,52.41,66.58,0.0000
2026-06-05 17:14:36,NORMAL,41.38,60.64,0.0000
2026-06-05 17:14:36,SITTING,37.75,56.27,0.0000
2026-06-05 17:14:36,SITTING,45.12,54.48,0.0000
2026-06-05 17:14:37,SITTING,50.35,53.91,0.0000
2026-06-05 17:14:37,SITTING,45.36,52.86,0.0000
2026-06-05 17:14:37,SITTING,49.07,52.45,0.0000
2026-06-05 17:14:37,SITTING,51.68,52.37,0.0000
2026-06-05 17:14:38,SITTING,44.06,51.62,0.0000
2026-06-05 17:14:38,SITTING,48.62,51.37,0.0000
2026-06-05 17:14:38,SITTING,53.17,51.51,0.0000
2026-06-05 17:14:38,SITTING,62.15,52.28,0.0000
2026-06-05 17:14:39,SITTING,59.45,52.76,0.0000
2026-06-05 17:14:39,SITTING,65.27,53.56,0.0000
2026-06-05 17:14:39,SITTING,48.99,53.28,0.0000
2026-06-05 17:14:40,SITTING,49.34,53.06,0.0000
2026-06-05 17:14:40,SITTING,47.22,52.74,0.0000
2026-06-05 17:14:40,SITTING,52.52,52.73,0.0000
2026-06-05 17:14:40,SITTING,49.88,52.59,0.0000
2026-06-05 17:14:40,SITTING,55.23,52.71,0.0000
2026-06-05 17:14:41,SITTING,52.50,52.70,0.0000
2026-06-05 17:14:41,SITTING,61.07,53.07,0.0000
2026-06-05 17:14:41,SITTING,57.91,53.28,0.0000
2026-06-05 17:14:41,SITTING,48.21,53.07,0.0000
2026-06-05 17:14:42,SITTING,55.18,53.15,0.0000
2026-06-05 17:14:42,SITTING,43.92,52.80,0.0000
2026-06-05 17:14:42,SITTING,35.40,52.14,0.0000
2026-06-05 17:14:42,SITTING,34.54,51.49,0.0000
2026-06-05 17:14:43,SITTING,31.44,50.77,0.0000
2026-06-05 17:14:43,SITTING,33.27,50.16,0.0000
2026-06-05 17:14:43,SITTING,34.07,49.61,0.0000
2026-06-05 17:14:43,SITTING,37.17,49.19,0.0000
2026-06-05 17:14:44,SITTING,39.13,48.86,0.0000
2026-06-05 17:14:44,SITTING,41.60,48.63,0.0000
2026-06-05 17:14:44,SITTING,43.75,48.48,0.0000
2026-06-05 17:14:44,SITTING,44.63,48.36,0.0000
2026-06-05 17:14:44,SITTING,45.38,48.27,0.0000
2026-06-05 17:14:45,SITTING,47.71,48.25,0.0000
2026-06-05 17:14:45,SITTING,46.17,48.19,0.0000
2026-06-05 17:14:45,SITTING,39.38,47.94,0.0000
2026-06-05 17:14:45,SITTING,44.04,47.83,0.0000
2026-06-05 17:14:46,SITTING,58.78,48.13,0.0000
2026-06-05 17:14:46,SITTING,47.46,48.11,0.0000
2026-06-05 17:14:46,SITTING,41.28,47.93,0.0000
2026-06-05 17:14:46,SITTING,39.49,47.70,0.0000
2026-06-05 17:14:47,SITTING,36.15,47.39,0.0000
2026-06-05 17:14:47,SITTING,36.29,47.10,0.0000
2026-06-05 17:14:47,SITTING,39.96,46.92,0.0000
2026-06-05 17:14:47,SITTING,40.09,46.74,0.0000
2026-06-05 17:14:47,SITTING,47.35,46.76,0.0000
2026-06-05 17:14:48,SITTING,49.18,46.82,0.0000
2026-06-05 17:14:48,SITTING,48.54,46.86,0.0000
2026-06-05 17:14:48,SITTING,55.52,47.07,0.0000
2026-06-05 17:14:48,SITTING,52.44,47.21,0.0000
2026-06-05 17:14:49,SITTING,47.92,47.22,0.0000
2026-06-05 17:14:49,SITTING,42.80,47.12,0.0000
2026-06-05 17:14:49,SITTING,47.15,47.12,0.0000
2026-06-05 17:14:49,SITTING,52.68,47.25,0.0000
2026-06-05 17:14:50,SITTING,46.71,47.24,0.0000
2026-06-05 17:14:50,SITTING,42.31,47.12,0.0000
2026-06-05 17:14:50,SITTING,45.75,47.09,0.0000
2026-06-05 17:14:50,SITTING,45.94,47.06,0.0000
2026-06-05 17:14:50,SITTING,36.96,46.83,0.0000
2026-06-05 17:14:51,SITTING,48.69,46.87,0.0000
2026-06-05 17:14:51,SITTING,54.64,47.05,0.0000
2026-06-05 17:14:51,SITTING,49.99,47.12,0.0000
2026-06-05 17:14:51,SITTING,53.44,47.26,0.0000
2026-06-05 17:14:51,SITTING,49.26,47.30,0.0000
2026-06-05 17:14:51,SITTING,52.15,47.41,0.0000
2026-06-05 17:14:51,SITTING,55.46,47.59,0.0000
2026-06-05 17:14:51,SITTING,54.45,47.74,0.0000
2026-06-05 17:14:51,SITTING,55.43,47.91,0.0000
2026-06-05 17:14:51,SITTING,54.45,48.05,0.0000
2026-06-05 17:14:51,SITTING,29.43,47.65,0.0000
2026-06-05 17:14:51,SITTING,59.95,47.91,0.0000
2026-06-05 17:14:52,SITTING,57.69,48.12,0.0000
2026-06-05 17:14:52,SITTING,55.23,48.28,0.0000
2026-06-05 17:14:52,SITTING,53.98,48.40,0.0000
2026-06-05 17:15:08,NORMAL,60.51,66.41,0.0000
2026-06-05 17:15:08,SITTING,62.62,64.72,0.0000
2026-06-05 17:15:08,SITTING,55.82,61.98,0.0000
2026-06-05 17:15:09,SITTING,49.60,59.06,0.0000
2026-06-05 17:15:09,SITTING,50.19,57.37,0.0000
2026-06-05 17:15:09,SITTING,45.85,55.52,0.0000
2026-06-05 17:15:09,SITTING,52.42,55.09,0.0000
2026-06-05 17:15:10,SITTING,54.74,55.05,0.0000
2026-06-05 17:15:10,SITTING,53.42,54.87,0.0000
2026-06-05 17:15:10,SITTING,52.58,54.64,0.0000
2026-06-05 17:15:10,SITTING,56.87,54.84,0.0000
2026-06-05 17:15:10,SITTING,52.19,54.62,0.0000
2026-06-05 17:15:11,SITTING,52.42,54.45,0.0000
2026-06-05 17:15:11,SITTING,55.06,54.50,0.0000
2026-06-05 17:15:11,SITTING,53.31,54.42,0.0000
2026-06-05 17:15:11,SITTING,51.90,54.26,0.0000
2026-06-05 17:15:12,SITTING,56.10,54.37,0.0000
2026-06-05 17:15:12,SITTING,51.03,54.18,0.0000
2026-06-05 17:15:12,SITTING,41.50,53.49,0.0000
2026-06-05 17:15:12,SITTING,50.30,53.32,0.0000
2026-06-05 17:15:13,SITTING,49.43,53.13,0.0000
2026-06-05 17:15:13,SITTING,49.66,52.97,0.0000
2026-06-05 17:15:13,SITTING,50.24,52.84,0.0000
2026-06-05 17:15:13,SITTING,56.63,53.01,0.0000
2026-06-05 17:15:14,SITTING,55.18,53.10,0.0000
2026-06-05 17:15:14,SITTING,48.24,52.90,0.0000
2026-06-05 17:15:14,SITTING,40.56,52.40,0.0000
2026-06-05 17:15:14,SITTING,54.72,52.49,0.0000
2026-06-05 17:15:15,SITTING,50.60,52.42,0.0000
2026-06-05 17:15:15,SITTING,51.02,52.37,0.0000
2026-06-05 17:15:15,SITTING,54.52,52.45,0.0000
2026-06-05 17:15:15,SITTING,55.56,52.56,0.0000
2026-06-05 17:15:16,SITTING,53.66,52.60,0.0000
2026-06-05 17:15:16,SITTING,49.44,52.49,0.0000
2026-06-05 17:15:16,SITTING,52.40,52.49,0.0000
2026-06-05 17:15:16,SITTING,58.62,52.68,0.0000
2026-06-05 17:15:17,SITTING,52.71,52.68,0.0000
2026-06-05 17:15:17,SITTING,54.71,52.75,0.0000
2026-06-05 17:15:17,SITTING,59.75,52.96,0.0000
2026-06-05 17:15:17,SITTING,52.66,52.95,0.0000
2026-06-05 17:15:18,SITTING,56.61,53.06,0.0000
2026-06-05 17:15:18,SITTING,44.10,52.80,0.0000
2026-06-05 17:15:18,SITTING,53.57,52.82,0.0000
2026-06-05 17:15:18,SITTING,53.01,52.83,0.0000
2026-06-05 17:15:19,SITTING,57.88,52.97,0.0000
2026-06-05 17:15:19,SITTING,54.47,53.01,0.0000
2026-06-05 17:15:19,SITTING,50.30,52.93,0.0000
2026-06-05 17:15:19,SITTING,56.27,53.02,0.0000
2026-06-05 17:15:20,SITTING,55.77,53.09,0.0000
2026-06-05 17:15:20,SITTING,53.67,53.11,0.0000
2026-06-05 17:15:20,SITTING,55.40,53.17,0.0000
2026-06-05 17:15:21,SITTING,57.38,53.28,0.0000
2026-06-05 17:15:21,SITTING,54.76,53.31,0.0000
2026-06-05 17:15:21,SITTING,54.63,53.35,0.0000
2026-06-05 17:15:21,SITTING,57.20,53.44,0.0000
2026-06-05 17:15:22,SITTING,56.76,53.52,0.0000
2026-06-05 17:15:22,SITTING,54.94,53.56,0.0000
2026-06-05 17:15:22,SITTING,56.45,53.63,0.0000
2026-06-05 17:15:22,SITTING,49.51,53.53,0.0000
2026-06-05 17:15:23,SITTING,50.38,53.45,0.0000
2026-06-05 17:15:23,SITTING,58.30,53.57,0.0000
2026-06-05 17:15:23,SITTING,55.60,53.62,0.0000
2026-06-05 17:15:24,SITTING,54.82,53.64,0.0000
2026-06-05 17:15:24,SITTING,52.65,53.62,0.0000
2026-06-05 17:15:47,NORMAL,55.33,62.26,0.0000
2026-06-05 17:15:48,SITTING,56.04,59.50,0.0000
2026-06-05 17:15:48,SITTING,63.79,60.82,0.0000
2026-06-05 17:15:48,SITTING,63.85,61.53,0.0000
2026-06-05 17:15:48,SITTING,52.79,59.86,0.0000
2026-06-05 17:15:49,SITTING,58.64,59.67,0.0000
2026-06-05 17:15:49,SITTING,55.25,59.05,0.0000
2026-06-05 17:15:49,SITTING,48.81,57.80,0.0000
2026-06-05 17:15:49,SITTING,50.92,57.05,0.0000
2026-06-05 17:15:50,SITTING,52.19,56.57,0.0000
2026-06-05 17:15:50,SITTING,58.94,56.79,0.0000
2026-06-05 17:15:50,SITTING,51.97,56.39,0.0000
2026-06-05 17:15:50,SITTING,48.58,55.78,0.0000
2026-06-05 17:15:51,SITTING,50.73,55.42,0.0000
2026-06-05 17:15:51,SITTING,50.33,55.08,0.0000
2026-06-05 17:15:51,SITTING,62.20,55.53,0.0000
2026-06-05 17:15:51,SITTING,65.96,56.16,0.0000
2026-06-05 17:15:52,SITTING,58.14,56.27,0.0000
2026-06-05 17:15:52,SITTING,55.12,56.21,0.0000
2026-06-05 17:15:52,SITTING,53.05,56.04,0.0000
2026-06-05 17:15:52,SITTING,54.30,55.96,0.0000
2026-06-05 17:15:52,SITTING,50.18,55.68,0.0000
2026-06-05 17:15:53,SITTING,47.82,55.32,0.0000
2026-06-05 17:15:53,SITTING,49.94,55.08,0.0000
2026-06-05 17:15:53,SITTING,41.33,54.50,0.0000
2026-06-05 17:15:53,SITTING,52.02,54.39,0.0000
2026-06-05 17:15:54,SITTING,47.51,54.12,0.0000
2026-06-05 17:15:54,SITTING,57.03,54.23,0.0000
2026-06-05 17:15:54,SITTING,55.68,54.29,0.0000
2026-06-05 17:15:54,SITTING,66.88,54.75,0.0000
2026-06-05 17:15:54,SITTING,68.34,55.24,0.0000
2026-06-05 17:15:55,SITTING,73.37,55.87,0.0000
2026-06-05 17:15:55,SITTING,75.07,56.53,0.0000
2026-06-05 17:15:55,SITTING,74.67,57.13,0.0000
2026-06-05 17:15:55,SITTING,88.08,58.15,0.0000
2026-06-05 17:15:56,SITTING,74.91,58.68,0.0000
2026-06-05 17:15:56,SITTING,73.15,59.14,0.0000
2026-06-05 17:15:56,SITTING,71.18,59.51,0.0000
2026-06-05 17:15:56,SITTING,62.36,59.60,0.0000
2026-06-05 17:15:57,SITTING,67.99,59.85,0.0000
2026-06-05 17:15:57,SITTING,66.13,60.03,0.0000
2026-06-05 17:15:57,SITTING,68.66,60.28,0.0000
2026-06-05 17:15:57,SITTING,67.58,60.49,0.0000
2026-06-05 17:15:57,SITTING,62.96,60.56,0.0000
2026-06-05 17:15:58,SITTING,70.54,60.83,0.0000
2026-06-05 17:15:58,SITTING,66.77,60.99,0.0000
2026-06-05 17:15:58,SITTING,49.54,60.69,0.0000
2026-06-05 17:15:58,SITTING,42.64,60.21,0.0000
2026-06-05 17:15:59,SITTING,75.55,60.61,-0.0104
2026-06-05 17:15:59,SITTING,3.99,59.14,-0.0181
2026-06-05 17:15:59,SITTING,15.34,58.01,-0.0002
2026-06-05 17:15:59,SITTING,25.15,57.18,0.0251
2026-06-05 17:16:00,SITTING,0.62,55.75,-0.0513
2026-06-05 17:16:00,SITTING,11.64,54.65,0.0060
2026-06-05 17:16:00,SITTING,30.78,54.06,0.0221
2026-06-05 17:16:00,SITTING,28.22,53.43,0.0026
2026-06-05 17:16:00,SITTING,19.47,52.60,0.0242
2026-06-05 17:16:00,SITTING,10.82,51.59,-0.0155
2026-06-05 17:16:01,SITTING,29.49,51.06,0.0149
2026-06-05 17:16:01,SITTING,54.36,51.14,0.0006
2026-06-05 17:16:01,SITTING,76.30,51.74,0.0000
2026-06-05 17:16:01,SITTING,70.24,52.17,0.0000
2026-06-05 17:16:02,SITTING,58.87,52.32,0.0000
2026-06-05 17:16:02,SITTING,26.01,51.72,0.0000
2026-06-05 17:16:02,SITTING,33.36,51.29,0.0000
2026-06-05 17:16:02,SITTING,35.53,50.93,0.0000
2026-06-05 17:16:03,SITTING,31.50,50.49,0.0000
2026-06-05 17:16:03,SITTING,29.86,50.03,0.0000
2026-06-05 17:16:03,SITTING,33.49,49.66,0.0000
2026-06-05 17:16:04,SITTING,29.98,49.22,0.0000
2026-06-05 17:16:04,SITTING,30.72,48.80,0.0000
2026-06-05 17:16:04,SITTING,31.52,48.42,0.0000
2026-06-05 17:16:05,SITTING,33.70,48.10,0.0000
2026-06-05 17:16:05,SITTING,37.26,47.86,0.0000
2026-06-05 17:16:06,SITTING,37.78,47.64,0.0000
2026-06-05 17:16:06,SITTING,35.63,47.38,0.0000
2026-06-05 17:16:06,SITTING,37.19,47.16,0.0000
2026-06-05 17:16:06,SITTING,36.16,46.92,0.0000
2026-06-05 17:16:07,SITTING,28.10,46.51,0.0000
2026-06-05 17:16:07,SITTING,29.28,46.14,0.0000
2026-06-05 17:16:07,SITTING,33.26,45.87,0.0000
2026-06-05 17:16:08,SITTING,30.84,45.54,0.0000
2026-06-05 17:16:08,SITTING,27.05,45.15,0.0000
2026-06-05 17:16:08,SITTING,31.36,44.86,0.0000
2026-06-05 17:16:09,SITTING,30.87,44.56,0.0000
2026-06-05 17:16:09,SITTING,34.81,44.36,0.0000
2026-06-05 17:16:09,SITTING,31.85,44.09,0.0000
2026-06-05 17:16:10,SITTING,23.08,43.65,0.0000
2026-06-05 17:16:10,SITTING,28.62,43.34,0.0000
2026-06-05 17:16:10,SITTING,30.89,43.08,0.0000
2026-06-05 17:16:10,SITTING,26.19,42.72,0.0000
2026-06-05 17:16:11,SITTING,27.42,42.41,0.0000
2026-06-05 17:16:12,SITTING,26.03,42.06,0.0000
2026-06-05 17:29:22,NORMAL,17.75,32.20,0.0000
2026-06-05 17:29:23,LYING,22.15,27.73,0.0000
2026-06-05 17:29:23,LYING,27.86,27.77,0.0000
2026-06-05 17:29:23,LYING,10.15,23.62,0.0000
2026-06-05 17:29:23,LYING,0.00,19.11,0.0000
2026-06-05 17:29:24,LYING,0.28,16.08,0.0000
2026-06-05 17:29:24,LYING,17.71,16.31,0.0000
2026-06-05 17:29:24,LYING,15.62,16.22,0.0000
2026-06-05 17:29:24,LYING,20.70,16.71,0.0000
2026-06-05 17:29:24,LYING,24.06,17.44,0.0000
2026-06-05 17:29:24,LYING,27.60,18.35,0.0000
2026-06-05 17:29:24,LYING,20.29,18.52,0.0000
2026-06-05 17:29:24,LYING,17.80,18.46,0.0000
2026-06-05 17:29:24,LYING,12.64,18.04,0.0000
2026-06-05 17:29:25,LYING,17.56,18.01,0.0000
2026-06-05 17:29:25,LYING,15.07,17.82,0.0000
2026-06-05 17:29:25,LYING,14.61,17.63,0.0000
2026-06-05 17:29:25,LYING,15.55,17.51,0.0000
2026-06-05 17:29:25,LYING,22.16,17.76,0.0000
2026-06-05 17:29:25,LYING,24.31,18.10,0.0000
2026-06-05 17:29:25,LYING,23.98,18.40,0.0000
2026-06-05 17:29:25,LYING,21.33,18.54,0.0000
2026-06-05 17:29:25,LYING,16.17,18.43,0.0000
2026-06-05 17:29:25,LYING,13.69,18.22,0.0000
2026-06-05 17:29:25,LYING,15.95,18.12,0.0000
2026-06-05 17:29:25,LYING,14.36,17.96,0.0000
2026-06-05 17:29:25,LYING,14.86,17.84,0.0000
2026-06-05 17:29:25,LYING,14.58,17.71,0.0000
2026-06-05 17:29:25,LYING,11.58,17.48,0.0000
2026-06-05 17:29:26,LYING,11.02,17.24,0.0000
2026-06-05 18:01:38,NORMAL,11.57,27.26,0.0000
2026-06-05 18:01:38,SITTING,71.99,47.14,0.0000
2026-06-05 18:01:38,SITTING,76.84,56.29,0.0000
2026-06-05 18:01:38,SITTING,78.92,61.62,0.0000
2026-06-05 18:01:38,SITTING,78.80,64.90,0.0000
2026-06-05 18:01:38,SITTING,78.19,67.04,0.0000
2026-06-05 18:01:38,SITTING,75.96,68.27,0.0000
2026-06-05 18:01:38,SITTING,81.08,69.84,0.0000
2026-06-05 18:01:38,SITTING,79.58,70.90,0.0000
2026-06-05 18:01:38,SITTING,78.54,71.66,0.0000
2026-06-05 18:01:38,NORMAL,79.70,72.38,0.0000
2026-06-05 18:01:38,NORMAL,78.44,72.88,0.0000
2026-06-05 18:01:39,NORMAL,76.22,73.14,0.0000
2026-06-05 18:01:39,NORMAL,72.19,73.07,0.0000
2026-06-05 18:01:39,NORMAL,74.28,73.15,0.0000
2026-06-05 18:01:39,NORMAL,73.65,73.19,0.0000
2026-06-05 18:01:39,NORMAL,77.84,73.47,0.0000
2026-06-05 18:01:39,NORMAL,12.40,69.98,0.0000
2026-06-05 18:01:39,NORMAL,13.52,66.92,0.0000
2026-06-05 18:01:39,NORMAL,75.75,67.38,0.0000
2026-06-05 18:01:39,NORMAL,77.30,67.87,0.0000
2026-06-05 18:01:39,NORMAL,79.60,68.43,0.0000
2026-06-05 18:01:39,NORMAL,16.53,66.05,0.0000
2026-06-05 18:01:39,NORMAL,78.29,66.59,0.0000
2026-06-05 18:01:39,NORMAL,76.98,67.03,0.0000
2026-06-05 18:01:39,NORMAL,77.91,67.48,0.0000
2026-06-05 18:01:40,NORMAL,14.34,65.35,0.0000
2026-06-05 18:01:40,NORMAL,79.83,65.92,0.0000
2026-06-05 18:01:40,NORMAL,27.23,64.45,0.0000
2026-06-05 18:01:40,NORMAL,11.03,62.49,0.0000
2026-06-05 18:01:40,NORMAL,13.16,60.72,0.0000
2026-06-05 18:01:40,NORMAL,80.02,61.39,0.0000
2026-06-05 18:01:40,NORMAL,82.80,62.13,0.0000
2026-06-05 18:01:40,NORMAL,75.51,62.57,0.0000
2026-06-05 18:01:40,NORMAL,25.36,61.36,0.0000
2026-06-05 18:01:40,NORMAL,78.27,61.90,0.0000
2026-06-05 18:01:40,NORMAL,77.34,62.38,0.0000
2026-06-05 18:01:40,NORMAL,75.35,62.78,0.0000
2026-06-05 18:01:40,NORMAL,73.73,63.12,0.0000
2026-06-05 18:01:41,NORMAL,74.84,63.46,0.0000
2026-06-05 18:01:41,NORMAL,73.79,63.77,0.0000
2026-06-05 18:01:41,NORMAL,74.39,64.07,0.0000
2026-06-05 18:01:41,NORMAL,74.21,64.36,0.0000
2026-06-05 18:01:41,NORMAL,75.07,64.66,0.0000
2026-06-05 18:01:41,NORMAL,76.37,64.99,0.0000
2026-06-05 18:01:41,SITTING,73.11,65.21,0.0000
2026-06-05 18:01:41,SITTING,76.26,65.50,0.0000
2026-06-05 18:01:41,SITTING,71.68,65.67,0.0000
2026-06-05 18:01:41,SITTING,72.33,65.84,0.0000
2026-06-05 18:01:42,SITTING,16.41,64.56,0.0000
2026-06-05 18:01:42,SITTING,18.51,63.38,0.0000
2026-06-05 18:01:42,SITTING,24.33,62.38,0.0000
2026-06-05 18:01:42,SITTING,76.59,62.74,0.0000
2026-06-05 18:01:42,SITTING,74.63,63.04,0.0000
2026-06-05 18:01:42,SITTING,77.60,63.40,0.0000
2026-06-05 18:01:42,SITTING,74.50,63.67,0.0000
2026-06-05 18:01:42,SITTING,72.05,63.87,0.0000
2026-06-05 18:01:42,SITTING,74.63,64.13,0.0000
2026-06-05 18:01:43,SITTING,73.60,64.36,0.0000
2026-06-05 18:01:43,SITTING,74.40,64.60,0.0000
2026-06-05 18:01:43,SITTING,72.06,64.77,0.0000
2026-06-05 18:01:43,SITTING,72.18,64.95,0.0000
2026-06-05 18:01:43,SITTING,71.94,65.11,0.0000
2026-06-05 18:01:43,SITTING,23.30,64.14,0.0000
2026-06-05 18:01:43,SITTING,72.78,64.34,0.0000
2026-06-05 18:01:43,SITTING,22.84,63.39,0.0000
2026-06-05 18:01:43,SITTING,70.35,63.55,0.0000
2026-06-05 18:01:43,SITTING,67.88,63.65,0.0000
2026-06-05 18:01:44,SITTING,70.36,63.80,0.0000
2026-06-05 18:01:44,SITTING,9.22,62.58,0.0000
2026-06-05 18:01:44,SITTING,68.74,62.72,0.0000
2026-06-05 18:01:44,SITTING,73.38,62.95,0.0000
2026-06-05 18:01:44,SITTING,72.93,63.17,0.0000
2026-06-05 18:01:44,SITTING,74.06,63.41,0.0000
2026-06-05 18:01:44,SITTING,0.00,62.02,0.0000
2026-06-05 18:01:44,SITTING,69.71,62.19,0.0000
2026-06-05 18:01:44,SITTING,22.19,61.32,0.0000
2026-06-05 18:01:44,SITTING,74.97,61.62,0.0000
2026-06-05 18:01:45,SITTING,22.80,60.78,0.0000
2026-06-05 18:01:45,SITTING,17.02,59.84,0.0000
2026-06-05 18:01:45,SITTING,20.93,59.01,0.0000
2026-06-05 18:01:45,SITTING,72.50,59.30,0.0000
2026-06-05 18:01:45,SITTING,74.62,59.62,0.0000
2026-06-05 18:01:45,SITTING,11.72,58.61,0.0000
2026-06-05 18:03:16,NORMAL,0.00,18.00,0.0000
2026-06-05 18:03:16,LYING,0.00,10.00,0.0000
2026-06-05 18:03:17,LYING,0.00,6.92,0.0000
2026-06-05 18:03:17,LYING,0.00,5.29,0.0000
2026-06-05 18:03:17,LYING,0.00,4.28,0.0000
2026-06-05 18:03:17,LYING,0.00,3.59,0.0000
2026-06-05 18:03:17,LYING,0.00,3.09,0.0000
2026-06-05 18:03:17,LYING,0.00,2.72,0.0000
2026-06-05 18:03:17,LYING,0.00,2.42,0.0000
2026-06-05 18:03:17,LYING,0.00,2.18,0.0000
2026-06-05 18:03:17,LYING,0.00,1.98,0.0000
2026-06-05 18:03:17,LYING,0.00,1.82,0.0000
2026-06-05 18:03:17,LYING,0.00,1.68,0.0000
2026-06-05 18:03:17,LYING,0.00,1.56,0.0000
2026-06-05 18:03:17,LYING,0.00,1.45,0.0000
2026-06-05 18:03:18,LYING,0.00,1.36,0.0000
2026-06-05 18:03:18,LYING,0.00,1.28,0.0000
2026-06-05 18:03:18,LYING,0.00,1.21,0.0000
2026-06-05 18:03:18,LYING,0.00,1.14,0.0000
2026-06-05 18:03:18,LYING,0.00,1.08,0.0000
2026-06-05 18:03:18,LYING,0.00,1.03,0.0000
2026-06-05 18:03:18,LYING,0.00,0.98,0.0000
2026-06-05 18:03:18,LYING,0.00,0.93,0.0000
2026-06-05 18:03:18,LYING,0.00,0.89,0.0000
2026-06-05 18:03:18,LYING,0.00,0.85,0.0000
2026-06-05 18:03:18,LYING,0.00,0.82,0.0000
2026-06-05 18:03:18,LYING,0.00,0.79,0.0000
2026-06-05 18:03:18,LYING,0.00,0.76,0.0000
2026-06-05 18:03:19,LYING,0.00,0.73,0.0000
2026-06-05 18:03:19,LYING,0.00,0.70,0.0000
2026-06-05 18:03:19,LYING,0.00,0.68,0.0000
2026-06-05 18:03:19,LYING,0.00,0.65,0.0000
2026-06-05 18:03:19,LYING,0.00,0.63,0.0000
2026-06-05 18:03:19,LYING,0.00,0.61,0.0000
2026-06-05 18:03:19,LYING,0.00,0.59,0.0000
2026-06-05 18:03:19,LYING,0.00,0.57,0.0000
2026-06-05 18:03:19,LYING,0.00,0.55,0.0000
2026-06-05 18:03:19,LYING,0.00,0.53,0.0000
2026-06-05 18:03:19,LYING,0.00,0.52,0.0000
2026-06-05 18:03:19,LYING,0.00,0.50,0.0000
2026-06-05 18:03:19,LYING,0.00,0.49,0.0000
2026-06-05 18:03:19,LYING,0.00,0.47,0.0000
2026-06-05 18:03:20,LYING,0.00,0.46,0.0000
2026-06-05 18:03:20,LYING,0.00,0.45,0.0000
2026-06-05 18:03:20,LYING,0.00,0.44,0.0000
2026-06-05 18:03:20,LYING,0.00,0.42,0.0000
2026-06-05 18:03:20,LYING,0.00,0.41,0.0000
2026-06-05 18:03:20,LYING,0.00,0.40,0.0000
2026-06-05 18:03:20,LYING,0.00,0.39,0.0000
2026-06-05 18:03:20,LYING,0.00,0.38,0.0000
2026-06-05 18:03:20,LYING,0.00,0.37,0.0000
2026-06-05 18:03:20,LYING,0.00,0.36,0.0000
2026-06-05 18:03:20,LYING,0.00,0.35,0.0000
2026-06-05 18:03:20,LYING,0.00,0.34,0.0000
2026-06-05 18:03:21,LYING,0.00,0.33,0.0000
2026-06-05 18:03:21,LYING,0.00,0.33,0.0000
2026-06-05 18:03:21,LYING,0.00,0.32,0.0000
2026-06-05 18:03:21,LYING,0.00,0.31,0.0000
2026-06-05 18:03:21,LYING,0.00,0.30,0.0000
2026-06-05 18:03:21,LYING,0.00,0.30,0.0000
2026-06-05 18:03:21,LYING,0.00,0.29,0.0000
2026-06-05 18:03:21,LYING,0.00,0.28,0.0000
2026-06-05 18:03:21,LYING,0.00,0.28,0.0000
2026-06-05 18:03:21,LYING,0.00,0.27,0.0000
2026-06-05 18:03:21,LYING,0.00,0.26,0.0000
2026-06-05 18:03:21,LYING,0.00,0.26,0.0000
2026-06-05 18:03:22,LYING,0.00,0.25,0.0000
2026-06-05 18:03:22,LYING,0.00,0.25,0.0000
2026-06-05 18:03:22,LYING,0.00,0.24,0.0000
2026-06-05 18:03:22,LYING,0.00,0.23,0.0000
2026-06-05 18:03:22,LYING,0.00,0.23,0.0000
2026-06-05 18:03:22,LYING,0.00,0.22,0.0000
2026-06-05 18:03:23,LYING,0.00,0.22,0.0000
2026-06-05 18:03:23,LYING,0.00,0.21,0.0000
2026-06-05 18:03:23,LYING,0.00,0.21,0.0000
2026-06-05 18:03:23,LYING,0.00,0.21,0.0000
2026-06-05 18:03:23,LYING,0.00,0.20,0.0000
2026-06-05 18:03:23,LYING,0.00,0.20,0.0000
2026-06-05 18:03:23,LYING,0.00,0.19,0.0000
2026-06-05 18:03:24,LYING,0.00,0.19,0.0000
2026-06-05 18:03:24,LYING,0.00,0.18,0.0000
2026-06-05 18:03:24,LYING,0.00,0.18,0.0000
2026-06-05 18:03:24,LYING,0.00,0.18,0.0000
2026-06-05 18:03:24,LYING,0.00,0.17,0.0000
2026-06-05 18:03:24,LYING,0.00,0.17,0.0000
2026-06-05 18:03:24,LYING,0.00,0.17,0.0000
2026-06-05 18:03:25,LYING,0.00,0.16,0.0000
2026-06-05 18:03:25,LYING,0.00,0.16,0.0000
2026-06-05 18:03:25,LYING,0.00,0.16,0.0000
2026-06-05 18:03:25,LYING,0.00,0.15,0.0000
2026-06-05 18:03:26,LYING,0.00,0.15,0.0000
2026-06-05 18:03:26,LYING,1.68,0.18,0.0000
2026-06-05 18:03:26,LYING,0.81,0.19,0.0000
2026-06-05 18:03:26,LYING,0.77,0.21,0.0000
2026-06-05 18:03:27,LYING,1.63,0.24,0.0000
2026-06-05 18:03:27,LYING,0.50,0.24,0.0000
2026-06-05 18:03:27,LYING,0.00,0.24,0.0000
2026-06-05 18:03:27,LYING,0.00,0.23,0.0000
2026-06-05 18:03:27,LYING,0.00,0.23,0.0000
2026-06-05 18:03:27,LYING,0.00,0.22,0.0000
2026-06-05 18:03:27,LYING,0.00,0.22,0.0000
2026-06-05 18:03:28,LYING,44.24,1.12,0.0000
2026-06-05 18:03:28,LYING,21.52,1.54,0.0000
2026-06-05 18:03:28,LYING,5.84,1.62,0.0000
2026-06-05 18:03:28,LYING,5.27,1.70,0.0000
2026-06-05 18:03:28,LYING,69.81,3.09,0.0000
2026-06-05 18:03:28,LYING,0.00,3.02,0.0000
2026-06-05 18:35:51,NORMAL,0.00,18.00,0.0000
2026-06-05 18:35:52,LYING,0.00,10.00,0.0000
2026-06-05 18:35:52,LYING,0.00,6.92,0.0000
2026-06-05 18:35:52,LYING,0.00,5.29,0.0000
2026-06-05 18:35:52,LYING,0.00,4.28,0.0000
2026-06-05 18:35:52,LYING,0.00,3.59,0.0000
2026-06-05 18:35:52,LYING,0.00,3.09,0.0000
2026-06-05 18:35:52,LYING,0.00,2.72,0.0000
2026-06-05 18:35:52,LYING,0.00,2.42,0.0000
2026-06-05 18:35:52,LYING,0.00,2.18,0.0000
2026-06-05 18:35:52,LYING,0.00,1.98,0.0000
2026-06-05 18:35:52,LYING,0.00,1.82,0.0000
2026-06-05 18:35:52,LYING,0.00,1.68,0.0000
2026-06-05 18:35:53,LYING,0.00,1.56,0.0000
2026-06-05 18:35:53,LYING,0.00,1.45,0.0000
2026-06-05 18:35:53,LYING,0.00,1.36,0.0000
2026-06-05 18:35:53,LYING,0.00,1.28,0.0000
2026-06-05 18:35:53,LYING,0.00,1.21,0.0000
2026-06-05 18:35:53,LYING,0.00,1.14,0.0000
2026-06-05 18:35:53,LYING,0.00,1.08,0.0000
2026-06-05 18:35:53,LYING,0.00,1.03,0.0000
2026-06-05 18:35:53,LYING,0.00,0.98,0.0000
2026-06-05 18:35:53,LYING,0.00,0.93,0.0000
2026-06-05 18:35:53,LYING,0.00,0.89,0.0000
2026-06-05 18:35:53,LYING,0.00,0.85,0.0000
2026-06-05 18:35:53,LYING,0.00,0.82,0.0000
2026-06-05 18:35:54,LYING,0.00,0.79,0.0000
2026-06-05 18:35:54,LYING,0.00,0.76,0.0000
2026-06-05 18:35:54,LYING,0.00,0.73,0.0000
2026-06-05 18:35:54,LYING,0.00,0.70,0.0000
2026-06-05 18:35:54,LYING,0.00,0.68,0.0000
2026-06-05 18:35:54,LYING,0.00,0.65,0.0000
2026-06-05 18:35:54,LYING,0.00,0.63,0.0000
2026-06-05 18:35:54,LYING,0.00,0.61,0.0000
2026-06-05 18:35:54,LYING,0.00,0.59,0.0000
2026-06-05 18:35:54,LYING,0.00,0.57,0.0000
2026-06-05 18:35:54,LYING,0.00,0.55,0.0000
2026-06-05 18:35:54,LYING,0.00,0.53,0.0000
2026-06-05 18:35:54,LYING,0.00,0.52,0.0000
2026-06-05 18:35:55,LYING,0.00,0.50,0.0000
2026-06-05 18:35:55,LYING,0.00,0.49,0.0000
2026-06-05 18:35:55,LYING,0.00,0.47,0.0000
2026-06-05 18:35:55,LYING,0.00,0.46,0.0000
2026-06-05 18:35:55,LYING,0.00,0.45,0.0000
2026-06-05 18:35:55,LYING,0.00,0.44,0.0000
2026-06-05 18:35:55,LYING,0.00,0.42,0.0000
2026-06-05 18:35:55,LYING,0.00,0.41,0.0000
2026-06-05 18:35:55,LYING,0.00,0.40,0.0000
2026-06-05 18:35:55,LYING,0.00,0.39,0.0000
2026-06-05 18:35:55,LYING,0.00,0.38,0.0000
2026-06-05 18:35:55,LYING,0.00,0.37,0.0000
2026-06-05 18:35:55,LYING,0.00,0.36,0.0000
2026-06-05 18:35:56,LYING,0.00,0.35,0.0000
2026-06-05 18:35:56,LYING,0.00,0.34,0.0000
2026-06-05 18:35:56,LYING,0.00,0.33,0.0000
2026-06-05 18:35:56,LYING,0.00,0.33,0.0000
2026-06-05 18:35:56,LYING,0.00,0.32,0.0000
2026-06-05 18:35:56,LYING,0.00,0.31,0.0000
2026-06-05 18:35:56,LYING,0.00,0.30,0.0000
2026-06-05 18:35:56,LYING,0.00,0.30,0.0000
2026-06-05 18:35:57,LYING,0.00,0.29,0.0000
2026-06-05 18:35:57,LYING,0.00,0.28,0.0000
2026-06-05 18:35:57,LYING,0.00,0.28,0.0000
2026-06-05 18:35:57,LYING,2.25,0.32,-0.0019
2026-06-05 18:35:57,LYING,0.00,0.31,0.0019
2026-06-05 18:35:58,LYING,0.00,0.31,0.0000
2026-06-05 18:35:58,LYING,0.00,0.30,0.0000
2026-06-05 18:35:58,LYING,0.00,0.29,0.0000
2026-06-05 18:35:58,LYING,0.00,0.29,0.0000
2026-06-05 18:35:58,LYING,0.00,0.28,0.0000
2026-06-05 18:35:58,LYING,0.00,0.27,0.0000
